,Pattern,Relative SUP,local_dropout_interest,local_dropout_criterion
67,"[3, 4, 5, 6, 7, 8, 9, 10]",0.547986577181208,0.19319181834573323,0.10586652327469206
68,"[3, 4, 5, 6, 7, 8, 9, 10, 11]",0.5338926174496644,0.19769839478294174,0.10554971345626185
66,"[3, 4, 5, 6, 7, 8, 9]",0.5587248322147651,0.18860246631396338,0.10537688134656008
69,"[3, 4, 5, 6, 7, 8, 9, 10, 11, 12]",0.5231543624161074,0.2010275646519929,0.10516844741357614
70,"[3, 4, 5, 6, 7, 8, 9, 10, 11, 12, 13]",0.5110738255033557,0.20531721219908286,0.10493225308026952
71,"[3, 4, 5, 6, 7, 8, 9, 10, 11, 12, 13, 14]",0.5090604026845638,0.20479044271409064,0.10425070523398507
65,"[3, 4, 5, 6, 7, 8]",0.5630872483221476,0.18153083257038166,0.10221769699768471
1,"[1, 2, 3]",0.9167785234899329,-0.11087922474867935,0.10165169195080269
72,"[3, 4, 5, 6, 7, 8, 9, 10, 11, 12, 13, 14, 15]",0.4825503355704698,0.20832433128624112,0.10052697596966936
73,"[3, 4, 5, 6, 7, 8, 9, 10, 11, 12, 13, 14, 15, 16]",0.48053691275167787,0.20593564267714054,0.0989596779576058
64,"[3, 4, 5, 6, 7]",0.5654362416107382,0.16907169783747789,0.09559926538796988
74,"[3, 4, 5, 6, 7, 8, 9, 10, 11, 12, 13, 14, 15, 16, 17]",0.4429530201342282,0.20685816454892575,0.0916284487263698
63,"[3, 4, 5, 6]",0.5761744966442953,0.14965973908834854,0.08623012483714579
78,"[3, 4, 5, 6, 7, 8, 9, 10, 11, 12, 13, 14, 15, 16, 17, 18, 19, 20, 21]",0.37919463087248323,0.21393250225356428,0.081122056223667
77,"[3, 4, 5, 6, 7, 8, 9, 10, 11, 12, 13, 14, 15, 16, 17, 18, 19, 20]",0.37919463087248323,0.2138396446651168,0.08108684512469194
76,"[3, 4, 5, 6, 7, 8, 9, 10, 11, 12, 13, 14, 15, 16, 17, 18, 19]",0.3802013422818792,0.21166956528353265,0.08047705284102097
75,"[3, 4, 5, 6, 7, 8, 9, 10, 11, 12, 13, 14, 15, 16, 17, 18]",0.38154362416107385,0.2093680470083333,0.07988304343908556
31,"[2, 3]",0.9177852348993288,-0.08441215702902777,0.07747223136724528
79,"[3, 4, 5, 6, 7, 8, 9, 10, 11, 12, 13, 14, 15, 16, 17, 18, 19, 20, 21, 22]",0.36644295302013424,0.2087236274681631,0.07648530241450809
2,"[1, 2, 3, 4]",0.6865771812080537,-0.1110862478298022,0.07626928290596487
62,"[3, 4, 5]",0.609731543624161,0.11692170168616339,0.07129084965226808
80,"[3, 4, 5, 6, 7, 8, 9, 10, 11, 12, 13, 14, 15, 16, 17, 18, 19, 20, 21, 22, 28]",0.3201342281879195,0.21025165227182263,0.06730875042527476
82,"[3, 4, 5, 6, 7, 8, 9, 10, 11, 12, 13, 14, 15, 16, 17, 18, 19, 20, 21, 22, 28, 29, 31]",0.2966442953020134,0.22382875195628232,0.06639752239240053
81,"[3, 4, 5, 6, 7, 8, 9, 10, 11, 12, 13, 14, 15, 16, 17, 18, 19, 20, 21, 22, 28, 29]",0.3080536912751678,0.21440988697063393,0.06604975712719528
3,"[1, 2, 3, 4, 5]",0.6083892617449664,-0.0966669114983283,0.05881111092163396
61,"[3, 4]",0.6879194630872483,0.06951183853943804,0.04781854664625771
4,"[1, 2, 3, 4, 5, 6]",0.5748322147651007,-0.08103195005813073,0.04657977531865032
32,"[2, 3, 4]",0.6869127516778524,-0.06620831701241167,0.04547933722295527
94,"[4, 5, 6, 7, 8, 9]",0.5600671140939597,0.08101253362074784,0.04537245591041213
84,"[3, 4, 5, 6, 7, 8, 9, 10, 11, 12, 13, 14, 15, 16, 17, 18, 19, 20, 21, 22, 28, 29, 31, 35, 36]",0.20033557046979866,0.22585734739785493,0.045247260535744765
83,"[3, 4, 5, 6, 7, 8, 9, 10, 11, 12, 13, 14, 15, 16, 17, 18, 19, 20, 21, 22, 28, 29, 31, 35]",0.20033557046979866,0.2249496787144392,0.0450654222122551
95,"[4, 5, 6, 7, 8, 9, 10]",0.5493288590604026,0.08176697245910478,0.04491695768978339
96,"[4, 5, 6, 7, 8, 9, 10, 11]",0.5348993288590604,0.08338701705193337,0.04460365945663819
93,"[4, 5, 6, 7, 8]",0.5644295302013422,0.07881332200558192,0.044484566313217705
98,"[4, 5, 6, 7, 8, 9, 10, 11, 12, 13]",0.5120805369127517,0.08682525634011508,0.044461523884233425
97,"[4, 5, 6, 7, 8, 9, 10, 11, 12]",0.5241610738255034,0.08434028364556047,0.04420789364240452
99,"[4, 5, 6, 7, 8, 9, 10, 11, 12, 13, 14]",0.5100671140939598,0.0843840786092228,0.043041543451684115
100,"[4, 5, 6, 7, 8, 9, 10, 11, 12, 13, 14, 15]",0.4835570469798658,0.08666101514788513,0.04190554457318875
92,"[4, 5, 6, 7]",0.5667785234899329,0.07231594521797126,0.04098712465542062
0,"[1, 2]",0.998993288590604,-0.040953340046995634,0.04091211185231745
85,"[3, 4, 5, 6, 7, 8, 9, 10, 11, 12, 13, 14, 15, 16, 17, 18, 19, 20, 21, 22, 28, 29, 31, 35, 36, 37]",0.17885906040268457,0.2267697155909885,0.04055981825838821
101,"[4, 5, 6, 7, 8, 9, 10, 11, 12, 13, 14, 15, 16]",0.4815436241610738,0.08275316888112144,0.039849260853828616
5,"[1, 2, 3, 4, 5, 6, 7]",0.5640939597315436,-0.07002902309526228,0.03950294893393822
86,"[3, 4, 5, 6, 7, 8, 9, 10, 11, 12, 13, 14, 15, 16, 17, 18, 19, 20, 21, 22, 28, 29, 31, 35, 36, 37, 38]",0.16845637583892617,0.22729758746865444,0.03828972782190085
102,"[4, 5, 6, 7, 8, 9, 10, 11, 12, 13, 14, 15, 16, 17]",0.44395973154362417,0.08261007065211581,0.03667554478951316
91,"[4, 5, 6]",0.5775167785234899,0.060522641705588624,0.03495284106554296
6,"[1, 2, 3, 4, 5, 6, 7, 8]",0.561744966442953,-0.06213845619799776,0.03490596499176116
87,"[3, 4, 5, 6, 7, 8, 9, 10, 11, 12, 13, 14, 15, 16, 17, 18, 19, 20, 21, 22, 28, 29, 31, 35, 36, 37, 38, 39]",0.15268456375838926,0.228040261906367,0.03481822790852248
105,"[4, 5, 6, 7, 8, 9, 10, 11, 12, 13, 14, 15, 16, 17, 18, 19, 20]",0.3802013422818792,0.08739477021360052,0.033227608943627314
106,"[4, 5, 6, 7, 8, 9, 10, 11, 12, 13, 14, 15, 16, 17, 18, 19, 20, 21]",0.3802013422818792,0.08679396418877511,0.03299918168653765
104,"[4, 5, 6, 7, 8, 9, 10, 11, 12, 13, 14, 15, 16, 17, 18, 19]",0.3812080536912752,0.08587523603487739,0.03273633158913447
103,"[4, 5, 6, 7, 8, 9, 10, 11, 12, 13, 14, 15, 16, 17, 18]",0.3825503355704698,0.08430223973001279,0.032249850098058586
7,"[1, 2, 3, 4, 5, 6, 7, 8, 9]",0.5573825503355705,-0.05742293055117504,0.03200653947835629
444,"[21, 22, 28, 29]",0.35906040268456374,-0.08475683830021044,0.030432824490344016
107,"[4, 5, 6, 7, 8, 9, 10, 11, 12, 13, 14, 15, 16, 17, 18, 19, 20, 21, 22]",0.3674496644295302,0.08068540446655875,0.02964782479559793
8,"[1, 2, 3, 4, 5, 6, 7, 8, 9, 10]",0.5466442953020134,-0.05422200865444997,0.029640151710771476
88,"[3, 4, 5, 6, 7, 8, 9, 10, 11, 12, 13, 14, 15, 16, 17, 18, 19, 20, 21, 22, 28, 29, 31, 35, 36, 37, 38, 39, 40]",0.12919463087248323,0.228768905694063,0.029555714326246395
468,"[28, 29, 31]",0.351006711409396,0.083717433532064,0.02938538103172448
110,"[4, 5, 6, 7, 8, 9, 10, 11, 12, 13, 14, 15, 16, 17, 18, 19, 20, 21, 22, 28, 29, 31]",0.29765100671140937,0.09497910905723728,0.028270627427439417
491,"[31, 35]",0.30134228187919465,0.09015639374425023,0.027167933416891516
9,"[1, 2, 3, 4, 5, 6, 7, 8, 9, 10, 11]",0.5325503355704698,-0.05083637040144882,0.027072926116476267
89,"[3, 4, 5, 6, 7, 8, 9, 10, 11, 12, 13, 14, 15, 16, 17, 18, 19, 20, 21, 22, 28, 29, 31, 35, 36, 37, 38, 39, 40, 41]",0.11812080536912752,0.22916141673547513,0.02706873110432458
109,"[4, 5, 6, 7, 8, 9, 10, 11, 12, 13, 14, 15, 16, 17, 18, 19, 20, 21, 22, 28, 29]",0.30906040268456375,0.0855962045094071,0.02645439743394763
108,"[4, 5, 6, 7, 8, 9, 10, 11, 12, 13, 14, 15, 16, 17, 18, 19, 20, 21, 22, 28]",0.32114093959731543,0.08174055780653768,0.026250239537200185
429,"[20, 21, 22]",0.4332214765100671,-0.05870101430431137,0.02543054008955234
10,"[1, 2, 3, 4, 5, 6, 7, 8, 9, 10, 11, 12]",0.5218120805369127,-0.04824508125787754,0.025174866226845494
455,"[22, 28]",0.37214765100671143,-0.06552857089973661,0.024386303734163728
33,"[2, 3, 4, 5]",0.6087248322147651,-0.03892695927891911,0.023695806755691027
478,"[29, 31]",0.36476510067114093,0.06465548299743784,0.023584063764501655
480,"[29, 31, 35]",0.30134228187919465,0.07710486966070841,0.023234957367555757
12,"[1, 2, 3, 4, 5, 6, 7, 8, 9, 10, 11, 12, 13, 14]",0.5077181208053692,-0.04522809266781895,0.022963122216916133
442,"[21, 22]",0.4332214765100671,-0.05292446615003955,0.022928015369027197
11,"[1, 2, 3, 4, 5, 6, 7, 8, 9, 10, 11, 12, 13]",0.5097315436241611,-0.04472756012127651,0.022799048263160742
90,"[4, 5]",0.6110738255033556,0.036358875450369005,0.02221795711245703
308,"[13, 14, 15, 16]",0.5016778523489933,0.043323146981176466,0.021734263334516384
371,"[16, 17, 18, 19, 20, 21, 22, 28, 29, 31]",0.31073825503355706,0.06910180806850272,0.021472575258870308
14,"[1, 2, 3, 4, 5, 6, 7, 8, 9, 10, 11, 12, 13, 14, 15, 16]",0.4791946308724832,-0.04431510004641743,0.02123555800882016
366,"[16, 17, 18, 19, 20]",0.3976510067114094,0.0532967686913603,0.02119351372458455
367,"[16, 17, 18, 19, 20, 21]",0.3976510067114094,0.051200848590597925,0.02036006898652971
13,"[1, 2, 3, 4, 5, 6, 7, 8, 9, 10, 11, 12, 13, 14, 15]",0.4812080536912752,-0.04221288648996435,0.02031318094852647
443,"[21, 22, 28]",0.37214765100671143,-0.05208845043295579,0.01938459447320402
112,"[4, 5, 6, 7, 8, 9, 10, 11, 12, 13, 14, 15, 16, 17, 18, 19, 20, 21, 22, 28, 29, 31, 35, 36]",0.20067114093959731,0.09624439312722281,0.01931347217787894
347,"[15, 16, 17, 18]",0.3996644295302013,0.04821816913222807,0.019271087059222692
15,"[1, 2, 3, 4, 5, 6, 7, 8, 9, 10, 11, 12, 13, 14, 15, 16, 17]",0.44161073825503355,-0.043529360243576884,0.019223032912935294
111,"[4, 5, 6, 7, 8, 9, 10, 11, 12, 13, 14, 15, 16, 17, 18, 19, 20, 21, 22, 28, 29, 31, 35]",0.20067114093959731,0.09570642244923439,0.019205516988134955
345,"[15, 16]",0.5043624161073825,0.03792415169660679,0.01912751677852349
365,"[16, 17, 18, 19]",0.39865771812080536,0.047658885015896976,0.018999582348619332
346,"[15, 16, 17]",0.4657718120805369,0.040246361129433,0.018745620552903693
415,"[19, 20, 21, 22]",0.4332214765100671,-0.04234790837924023,0.018346023395167495
492,"[31, 35, 36]",0.30134228187919465,0.059074396378762085,0.0178016134054122
43,"[2, 3, 4, 5, 6, 7, 8, 9, 10, 11, 12, 13, 14, 15]",0.4815436241610738,0.03667858742617232,0.01766233991830781
113,"[4, 5, 6, 7, 8, 9, 10, 11, 12, 13, 14, 15, 16, 17, 18, 19, 20, 21, 22, 28, 29, 31, 35, 36, 37]",0.17919463087248322,0.09681682713575197,0.01734905560083609
481,"[29, 31, 35, 36]",0.30134228187919465,0.057056252657477755,0.01719346137128021
41,"[2, 3, 4, 5, 6, 7, 8, 9, 10, 11, 12, 13]",0.5100671140939598,0.033451823295941714,0.017062674969742085
42,"[2, 3, 4, 5, 6, 7, 8, 9, 10, 11, 12, 13, 14]",0.5080536912751678,0.03319950337480163,0.01686713023807036
328,"[14, 15, 16, 17]",0.46375838926174495,0.036213092752160475,0.01679412556492811
327,"[14, 15, 16]",0.5016778523489933,0.03332053033785217,0.016716172099023152
44,"[2, 3, 4, 5, 6, 7, 8, 9, 10, 11, 12, 13, 14, 15, 16]",0.47953020134228186,0.034637240044479344,0.016609602692470127
114,"[4, 5, 6, 7, 8, 9, 10, 11, 12, 13, 14, 15, 16, 17, 18, 19, 20, 21, 22, 28, 29, 31, 35, 36, 37, 38]",0.16879194630872482,0.09701612529241893,0.016375540611438498
49,"[2, 3, 4, 5, 6, 7, 8, 9, 10, 11, 12, 13, 14, 15, 16, 17, 18, 19, 20, 21]",0.3785234899328859,0.042852778785733306,0.016220783379297707
48,"[2, 3, 4, 5, 6, 7, 8, 9, 10, 11, 12, 13, 14, 15, 16, 17, 18, 19, 20]",0.3785234899328859,0.04264610268037381,0.016142551618611296
45,"[2, 3, 4, 5, 6, 7, 8, 9, 10, 11, 12, 13, 14, 15, 16, 17]",0.4419463087248322,0.03565673483519083,0.015758362341592724
16,"[1, 2, 3, 4, 5, 6, 7, 8, 9, 10, 11, 12, 13, 14, 15, 16, 17, 18]",0.38053691275167784,-0.04131743524407819,0.01572280925059888
364,"[16, 17, 18]",0.4,0.03900812437856623,0.015603249751426494
53,"[2, 3, 4, 5, 6, 7, 8, 9, 10, 11, 12, 13, 14, 15, 16, 17, 18, 19, 20, 21, 22, 28, 29, 31]",0.2959731543624161,0.05271258631913402,0.015601510447475236
370,"[16, 17, 18, 19, 20, 21, 22, 28, 29]",0.32281879194630875,0.04831744331147923,0.015597778679745981
47,"[2, 3, 4, 5, 6, 7, 8, 9, 10, 11, 12, 13, 14, 15, 16, 17, 18, 19]",0.3795302013422819,0.0404649594907284,0.015357674222823428
20,"[1, 2, 3, 4, 5, 6, 7, 8, 9, 10, 11, 12, 13, 14, 15, 16, 17, 18, 19, 20, 21, 22]",0.36543624161073823,-0.041911546080530264,0.015315997879764247
40,"[2, 3, 4, 5, 6, 7, 8, 9, 10, 11, 12]",0.5221476510067115,0.02927568235812486,0.01528622877491352
445,"[21, 22, 28, 29, 31]",0.3422818791946309,0.04418559935885906,0.015123929981891356
115,"[4, 5, 6, 7, 8, 9, 10, 11, 12, 13, 14, 15, 16, 17, 18, 19, 20, 21, 22, 28, 29, 31, 35, 36, 37, 38, 39]",0.15302013422818792,0.09746252045365268,0.014913727962035444
17,"[1, 2, 3, 4, 5, 6, 7, 8, 9, 10, 11, 12, 13, 14, 15, 16, 17, 18, 19]",0.37919463087248323,-0.03926057741361746,0.014887400160197224
490,"[31, 32]",0.12919463087248323,0.11483171841957492,0.014835641473669914
46,"[2, 3, 4, 5, 6, 7, 8, 9, 10, 11, 12, 13, 14, 15, 16, 17, 18]",0.3808724832214765,0.03815880748261437,0.014533639762673592
479,"[29, 31, 32]",0.12919463087248323,0.11000530256114131,0.014212094458402486
400,"[18, 19, 20, 21, 22]",0.4332214765100671,-0.03269626767357146,0.014164725357913003
18,"[1, 2, 3, 4, 5, 6, 7, 8, 9, 10, 11, 12, 13, 14, 15, 16, 17, 18, 19, 20]",0.3781879194630873,-0.037297548542936584,0.01410548228452669
19,"[1, 2, 3, 4, 5, 6, 7, 8, 9, 10, 11, 12, 13, 14, 15, 16, 17, 18, 19, 20, 21]",0.3781879194630873,-0.03719419172215044,0.014066393983511257
121,"[5, 6, 7, 8, 9]",0.5694630872483222,0.024497289444159413,0.013950302076086753
50,"[2, 3, 4, 5, 6, 7, 8, 9, 10, 11, 12, 13, 14, 15, 16, 17, 18, 19, 20, 21, 22]",0.36577181208053694,0.03799934610486433,0.013899089682651718
39,"[2, 3, 4, 5, 6, 7, 8, 9, 10, 11]",0.5328859060402684,0.02598667265239757,0.013847931601344744
351,"[15, 16, 17, 18, 19, 20, 21, 22]",0.38288590604026845,-0.036107589552775064,0.013825087140844412
309,"[13, 14, 15, 16, 17]",0.46375838926174495,-0.02969432332719113,0.013770991556435618
119,"[5, 6, 7]",0.5761744966442953,0.02370350938989034,0.013657357591423395
430,"[20, 21, 22, 28]",0.37214765100671143,-0.036586626372958495,0.013615627062956702
52,"[2, 3, 4, 5, 6, 7, 8, 9, 10, 11, 12, 13, 14, 15, 16, 17, 18, 19, 20, 21, 22, 28, 29]",0.3073825503355705,0.04360359148159673,0.013402983153403561
368,"[16, 17, 18, 19, 20, 21, 22]",0.3832214765100671,0.034582486761470646,0.01325275163812063
416,"[19, 20, 21, 22, 28]",0.37214765100671143,-0.03541466857173398,0.01317948572015201
306,"[13, 14]",0.5318791946308725,-0.024608854645403237,0.01308893778958528
326,"[14, 15]",0.5043624161073825,0.025867507886435333,0.013046598776279296
336,"[14, 15, 16, 17, 18, 19, 20, 21, 22, 28, 29, 31]",0.3093959731543624,0.04180168502120572,0.01293327301662808
21,"[1, 2, 3, 4, 5, 6, 7, 8, 9, 10, 11, 12, 13, 14, 15, 16, 17, 18, 19, 20, 21, 22, 28]",0.31912751677852347,-0.040520559112117355,0.012931225407927384
369,"[16, 17, 18, 19, 20, 21, 22, 28]",0.33489932885906043,0.03850085811455935,0.012893911543063836
470,"[28, 29, 31, 35]",0.23087248322147652,0.05534894079377297,0.012778547404736848
116,"[4, 5, 6, 7, 8, 9, 10, 11, 12, 13, 14, 15, 16, 17, 18, 19, 20, 21, 22, 28, 29, 31, 35, 36, 37, 38, 39, 40]",0.12953020134228188,0.09791554667568918,0.012683020475441618
122,"[5, 6, 7, 8, 9, 10]",0.5580536912751678,0.02267705030155091,0.012655011628013142
51,"[2, 3, 4, 5, 6, 7, 8, 9, 10, 11, 12, 13, 14, 15, 16, 17, 18, 19, 20, 21, 22, 28]",0.3194630872483222,0.03954427738586858,0.012632936936693588
125,"[5, 6, 7, 8, 9, 10, 11, 12, 13]",0.5201342281879194,0.023754756143834307,0.012355661752665495
123,"[5, 6, 7, 8, 9, 10, 11]",0.5436241610738255,0.02258169715861442,0.012275956173474954
482,"[29, 31, 35, 36, 37]",0.2701342281879195,0.045414587379438424,0.012268034510217428
314,"[13, 14, 15, 16, 17, 18, 19, 20, 21, 22]",0.3818791946308725,-0.03179399738564935,0.012141466115727839
493,"[31, 35, 36, 37]",0.2701342281879195,0.04401777885089184,0.011890708716432191
38,"[2, 3, 4, 5, 6, 7, 8, 9, 10]",0.5469798657718121,0.021660003811269077,0.0118475859773049
124,"[5, 6, 7, 8, 9, 10, 11, 12]",0.5328859060402684,0.02216506820051753,0.011811452450477126
117,"[4, 5, 6, 7, 8, 9, 10, 11, 12, 13, 14, 15, 16, 17, 18, 19, 20, 21, 22, 28, 29, 31, 35, 36, 37, 38, 39, 40, 41]",0.11845637583892618,0.09803985747506373,0.011613446204260906
469,"[28, 29, 31, 32]",0.1221476510067114,0.09236192780675997,0.011281792524047192
22,"[1, 2, 3, 4, 5, 6, 7, 8, 9, 10, 11, 12, 13, 14, 15, 16, 17, 18, 19, 20, 21, 22, 28, 29]",0.3070469798657718,-0.0367071265868781,0.011270812358051496
467,"[28, 29]",0.36845637583892615,0.03046033365032907,0.011223304143644738
331,"[14, 15, 16, 17, 18, 19, 20]",0.3959731543624161,0.0282360601611368,0.011180721808772288
352,"[15, 16, 17, 18, 19, 20, 21, 22, 28]",0.3345637583892617,-0.03319772913658154,0.01110675702992342
55,"[2, 3, 4, 5, 6, 7, 8, 9, 10, 11, 12, 13, 14, 15, 16, 17, 18, 19, 20, 21, 22, 28, 29, 31, 35, 36]",0.19966442953020133,0.054839455134422496,0.010949488525161538
387,"[17, 18, 19, 20, 21, 22, 28, 29, 31]",0.3422818791946309,0.03188900674769537,0.010915029155251435
54,"[2, 3, 4, 5, 6, 7, 8, 9, 10, 11, 12, 13, 14, 15, 16, 17, 18, 19, 20, 21, 22, 28, 29, 31, 35]",0.19966442953020133,0.05388035007012831,0.010757989359639713
127,"[5, 6, 7, 8, 9, 10, 11, 12, 13, 14, 15]",0.49161073825503354,0.021821538351500323,0.010727702578841602
118,"[5, 6]",0.587248322147651,0.018066211657644937,0.010609352483516321
332,"[14, 15, 16, 17, 18, 19, 20, 21]",0.3959731543624161,0.026782547699300094,0.010605169894353728
401,"[18, 19, 20, 21, 22, 28]",0.37214765100671143,-0.028280912320381726,0.010524675088356824
363,"[16, 17]",0.46610738255033557,0.02244538999754271,0.010461961982076115
126,"[5, 6, 7, 8, 9, 10, 11, 12, 13, 14]",0.5181208053691275,0.020104735569407083,0.010416681784954543
457,"[22, 28, 29, 31]",0.3422818791946309,0.030023789699179685,0.010276599158779624
471,"[28, 29, 31, 35, 36]",0.23087248322147652,0.04366123296457554,0.010080177275042944
56,"[2, 3, 4, 5, 6, 7, 8, 9, 10, 11, 12, 13, 14, 15, 16, 17, 18, 19, 20, 21, 22, 28, 29, 31, 35, 36, 37]",0.17818791946308724,0.055799275550231744,0.009942756817843307
310,"[13, 14, 15, 16, 17, 18]",0.3983221476510067,-0.02494483673441529,0.009936080940856023
315,"[13, 14, 15, 16, 17, 18, 19, 20, 21, 22, 28]",0.33355704697986577,-0.029576501198314786,0.00986545039970634
382,"[17, 18, 19, 20]",0.448993288590604,0.02173018086911494,0.009756705370092548
431,"[20, 21, 22, 28, 29]",0.35906040268456374,-0.027004013445268538,0.009696071941757494
330,"[14, 15, 16, 17, 18, 19]",0.3969798657718121,0.024319567559181157,0.009654378665272252
37,"[2, 3, 4, 5, 6, 7, 8, 9]",0.5577181208053691,0.01730588322391935,0.009651804670521461
57,"[2, 3, 4, 5, 6, 7, 8, 9, 10, 11, 12, 13, 14, 15, 16, 17, 18, 19, 20, 21, 22, 28, 29, 31, 35, 36, 37, 38]",0.16778523489932887,0.056384942217363246,0.009460560774725377
483,"[29, 31, 35, 36, 37, 38]",0.2557046979865772,0.036227366505519075,0.009263507811142798
179,"[7, 8, 9, 10, 11, 12, 13, 14, 15, 16]",0.4963087248322148,-0.018273528721337872,0.009069311737872052
598,"[78, 79, 80]",0.24496644295302014,0.03694005495081604,0.009049073863790506
348,"[15, 16, 17, 18, 19]",0.3983221476510067,-0.022551534701853285,0.008982775735268405
34,"[2, 3, 4, 5, 6]",0.5751677852348993,-0.015331659975765605,0.008818276912235653
154,"[6, 7, 8, 9, 10, 11, 12, 13, 14, 15, 16]",0.4963087248322148,-0.01766167925658781,0.008765645510232675
185,"[7, 8, 9, 10, 11, 12, 13, 14, 15, 16, 17, 18, 19, 20, 21, 22]",0.37718120805369126,-0.02322993327087851,0.008761894294116591
180,"[7, 8, 9, 10, 11, 12, 13, 14, 15, 16, 17]",0.45838926174496647,-0.01906194084485957,0.0087377889913014
58,"[2, 3, 4, 5, 6, 7, 8, 9, 10, 11, 12, 13, 14, 15, 16, 17, 18, 19, 20, 21, 22, 28, 29, 31, 35, 36, 37, 38, 39]",0.15201342281879196,0.05717401861216281,0.008691218265540186
160,"[6, 7, 8, 9, 10, 11, 12, 13, 14, 15, 16, 17, 18, 19, 20, 21, 22]",0.37718120805369126,-0.02294988398285857,0.008656264965346655
203,"[8, 9, 10, 11, 12, 13, 14, 15, 16]",0.4966442953020134,-0.017410894202391954,0.008647021281724863
494,"[31, 35, 36, 37, 38]",0.2557046979865772,0.033272475507897935,0.008507928301012827
155,"[6, 7, 8, 9, 10, 11, 12, 13, 14, 15, 16, 17]",0.45838926174496647,-0.0185315710302876,0.00849467316354794
311,"[13, 14, 15, 16, 17, 18, 19]",0.3969798657718121,-0.021341264341393135,0.008472052253647007
381,"[17, 18, 19]",0.45,0.01865440002611054,0.008394480011749743
456,"[22, 28, 29]",0.35906040268456374,-0.02337882483293836,0.008394410258806726
350,"[15, 16, 17, 18, 19, 20, 21]",0.39731543624161075,-0.021126389830813417,0.008393840791839961
204,"[8, 9, 10, 11, 12, 13, 14, 15, 16, 17]",0.4587248322147651,-0.018075108330250958,0.008291501036058075
23,"[1, 2, 3, 4, 5, 6, 7, 8, 9, 10, 11, 12, 13, 14, 15, 16, 17, 18, 19, 20, 21, 22, 28, 29, 31]",0.29563758389261746,-0.02802633002386296,0.00828563649363197
128,"[5, 6, 7, 8, 9, 10, 11, 12, 13, 14, 15, 16]",0.489261744966443,0.016931515387143558,0.008283942763240036
209,"[8, 9, 10, 11, 12, 13, 14, 15, 16, 17, 18, 19, 20, 21, 22]",0.37718120805369126,-0.02188556888984251,0.008254825312813081
505,"[34, 29, 31]",0.10570469798657718,0.07710486966070841,0.00815034696077958
589,"[77, 78, 79, 80]",0.24496644295302014,0.03319901828626259,0.008132645419118017
137,"[5, 6, 7, 8, 9, 10, 11, 12, 13, 14, 15, 16, 17, 18, 19, 20, 21, 22, 28, 29, 31]",0.30268456375838926,0.026784172873510585,0.008107155681847835
353,"[15, 16, 17, 18, 19, 20, 21, 22, 28, 29]",0.32248322147651004,-0.024777774073560906,0.00799041640425907
313,"[13, 14, 15, 16, 17, 18, 19, 20, 21]",0.3959731543624161,-0.019942365859116785,0.007896641514683828
428,"[20, 21]",0.448993288590604,-0.017563527653213753,0.007885906040268457
335,"[14, 15, 16, 17, 18, 19, 20, 21, 22, 28, 29]",0.3214765100671141,0.02450658336300887,0.007878290893208892
307,"[13, 14, 15]",0.5043624161073825,-0.015566800936247429,0.007851309331268418
132,"[5, 6, 7, 8, 9, 10, 11, 12, 13, 14, 15, 16, 17, 18, 19, 20]",0.3865771812080537,0.020139192451212554,0.007785352249596262
329,"[14, 15, 16, 17, 18]",0.3983221476510067,0.01928390520950813,0.007681206538149715
619,"[80, 81, 82, 83, 84, 85, 86]",0.2023489932885906,0.03753677194553995,0.007595528014483419
177,"[7, 8, 9, 10, 11, 12, 13, 14]",0.5261744966442953,-0.014363738307033535,0.007557832773633752
472,"[28, 29, 31, 35, 36, 37]",0.20738255033557046,0.03619234851502646,0.007505661537679983
620,"[80, 81, 82, 83, 84, 85, 86, 87]",0.19966442953020133,0.03753677194553995,0.007494758156911499
349,"[15, 16, 17, 18, 19, 20]",0.39731543624161075,-0.01879294558487774,0.007466727373320551
618,"[80, 81, 82, 83, 84, 85]",0.20570469798657717,0.03629382040885561,0.007465809365982713
59,"[2, 3, 4, 5, 6, 7, 8, 9, 10, 11, 12, 13, 14, 15, 16, 17, 18, 19, 20, 21, 22, 28, 29, 31, 35, 36, 37, 38, 39, 40]",0.1285234899328859,0.057946438581473886,0.00744747851567265
383,"[17, 18, 19, 20, 21]",0.448993288590604,0.01655023831363208,0.00743094592739588
133,"[5, 6, 7, 8, 9, 10, 11, 12, 13, 14, 15, 16, 17, 18, 19, 20, 21]",0.3865771812080537,0.01918174059325918,0.007415223209206233
417,"[19, 20, 21, 22, 28, 29]",0.35906040268456374,-0.020639064149953458,0.007410670684714832
564,"[73, 74]",0.2895973154362416,-0.025493138706493286,0.007382744531444197
129,"[5, 6, 7, 8, 9, 10, 11, 12, 13, 14, 15, 16, 17]",0.45167785234899327,0.01624694057077133,0.0073383832242477215
186,"[7, 8, 9, 10, 11, 12, 13, 14, 15, 16, 17, 18, 19, 20, 21, 22, 28]",0.3295302013422819,-0.022210959813119876,0.007319182059222724
131,"[5, 6, 7, 8, 9, 10, 11, 12, 13, 14, 15, 16, 17, 18, 19]",0.3875838926174497,0.018882500869797876,0.007318553189468641
617,"[80, 81, 82, 83, 84]",0.20738255033557046,0.03512896108206798,0.007285133539838258
316,"[13, 14, 15, 16, 17, 18, 19, 20, 21, 22, 28, 29]",0.3214765100671141,-0.022651865433814474,0.007282042646172573
161,"[6, 7, 8, 9, 10, 11, 12, 13, 14, 15, 16, 17, 18, 19, 20, 21, 22, 28]",0.3295302013422819,-0.022067207258804785,0.007271811251055805
312,"[13, 14, 15, 16, 17, 18, 19, 20]",0.3959731543624161,-0.01835894298846097,0.007269648565900652
152,"[6, 7, 8, 9, 10, 11, 12, 13, 14]",0.5261744966442953,-0.013793828238170894,0.007257960630017437
599,"[78, 79, 80, 81]",0.23087248322147652,0.031183585228010995,0.007199431757339452
484,"[29, 31, 35, 36, 37, 38, 39]",0.23355704697986576,0.030675096657953402,0.0071643849912535465
201,"[8, 9, 10, 11, 12, 13, 14]",0.526510067114094,-0.01352267432322947,0.007119824165485583
606,"[79, 80]",0.2453020134228188,0.02804471006854896,0.006879423845674258
60,"[2, 3, 4, 5, 6, 7, 8, 9, 10, 11, 12, 13, 14, 15, 16, 17, 18, 19, 20, 21, 22, 28, 29, 31, 35, 36, 37, 38, 39, 40, 41]",0.11778523489932886,0.0583907445265351,0.006877567560004638
181,"[7, 8, 9, 10, 11, 12, 13, 14, 15, 16, 17, 18]",0.39362416107382553,-0.017448716519000332,0.0068682364016065065
130,"[5, 6, 7, 8, 9, 10, 11, 12, 13, 14, 15, 16, 17, 18]",0.3889261744966443,0.017606077381418554,0.0068474643238470145
210,"[8, 9, 10, 11, 12, 13, 14, 15, 16, 17, 18, 19, 20, 21, 22, 28]",0.3295302013422819,-0.020706118202345303,0.0068232913002359355
156,"[6, 7, 8, 9, 10, 11, 12, 13, 14, 15, 16, 17, 18]",0.39362416107382553,-0.017172032289146818,0.00675932680374806
623,"[81, 82, 83, 84]",0.22080536912751678,0.029997025292989095,0.0066235042425459145
503,"[33, 34, 29, 31]",0.10570469798657718,0.062501549441793,0.00660670740743785
616,"[80, 81, 82, 83]",0.20738255033557046,0.031826951522024347,0.006600354376043975
608,"[79, 80, 81, 82]",0.20738255033557046,0.03148542146737954,0.006529527002295488
458,"[22, 28, 29, 31, 32]",0.1174496644295302,0.05556447459423654,0.006526028895296238
624,"[81, 82, 83, 84, 85]",0.21879194630872484,0.02963840843103084,0.006484645066118158
625,"[81, 82, 83, 84, 85, 86]",0.2151006711409396,0.029878724543534053,0.0064269337021494385
495,"[31, 35, 36, 37, 38, 39]",0.23355704697986576,0.027287309185341512,0.00637314335335493
565,"[73, 74, 77]",0.22348993288590605,-0.02843616735621802,0.006355197133973557
205,"[8, 9, 10, 11, 12, 13, 14, 15, 16, 17, 18]",0.39362416107382553,-0.016141936876178525,0.00635385636099242
626,"[81, 82, 83, 84, 85, 86, 87]",0.21241610738255035,0.029878724543534053,0.006346722361092972
622,"[81, 82, 83]",0.22080536912751678,0.02852175930310325,0.006297757591087899
182,"[7, 8, 9, 10, 11, 12, 13, 14, 15, 16, 17, 18, 19]",0.39228187919463087,-0.015970021028867444,0.006264749859981893
157,"[6, 7, 8, 9, 10, 11, 12, 13, 14, 15, 16, 17, 18, 19]",0.39228187919463087,-0.015901172383363582,0.006237741783943633
175,"[7, 8, 9, 10, 11, 12]",0.5409395973154363,-0.011446751139572765,0.006192000952010503
159,"[6, 7, 8, 9, 10, 11, 12, 13, 14, 15, 16, 17, 18, 19, 20, 21]",0.3912751677852349,-0.015751823934951996,0.006163297553071822
380,"[17, 18]",0.45167785234899327,0.013621406572763926,0.006152487666758471
178,"[7, 8, 9, 10, 11, 12, 13, 14, 15]",0.4986577181208054,-0.012322049459801854,0.006144485066196495
184,"[7, 8, 9, 10, 11, 12, 13, 14, 15, 16, 17, 18, 19, 20, 21]",0.3912751677852349,-0.01564762706970674,0.006122527907140289
36,"[2, 3, 4, 5, 6, 7, 8]",0.5620805369127517,0.010891301581993834,0.006121788640885796
153,"[6, 7, 8, 9, 10, 11, 12, 13, 14, 15]",0.4986577181208054,-0.012128731128639518,0.0060480853883081625
578,"[74, 77, 78, 79]",0.20302013422818793,0.029215126634800203,0.005931258930890646
197,"[8, 9, 10]",0.5671140939597316,-0.01043448704207511,0.005917544664800985
402,"[18, 19, 20, 21, 22, 28, 29]",0.35906040268456374,-0.016424134596580754,0.0058972563819937604
199,"[8, 9, 10, 11, 12]",0.5412751677852349,-0.010843074768392746,0.005869087114569631
174,"[7, 8, 9, 10, 11]",0.552013422818792,-0.01059021349537894,0.005845939999965892
150,"[6, 7, 8, 9, 10, 11, 12]",0.5409395973154363,-0.010800916800412699,0.005842643584652776
473,"[28, 29, 31, 35, 36, 37, 38]",0.1959731543624161,0.029635050460868728,0.005807674318505818
162,"[6, 7, 8, 9, 10, 11, 12, 13, 14, 15, 16, 17, 18, 19, 20, 21, 22, 28, 29]",0.3174496644295302,-0.018071092963564135,0.005736662397158279
158,"[6, 7, 8, 9, 10, 11, 12, 13, 14, 15, 16, 17, 18, 19, 20]",0.3912751677852349,-0.014650618033996487,0.005732423029409364
433,"[20, 21, 22, 28, 29, 31, 32]",0.1174496644295302,0.04877094519515056,0.005728131147081442
446,"[21, 22, 28, 29, 31, 32]",0.1174496644295302,0.04867432783590076,0.005716783470659485
198,"[8, 9, 10, 11]",0.5523489932885906,-0.010344740270129105,0.005713906874037753
419,"[19, 20, 21, 22, 28, 29, 31, 32]",0.1174496644295302,0.048563766156422356,0.005703798038505981
183,"[7, 8, 9, 10, 11, 12, 13, 14, 15, 16, 17, 18, 19, 20]",0.3912751677852349,-0.0145427722898018,0.005690225667754664
187,"[7, 8, 9, 10, 11, 12, 13, 14, 15, 16, 17, 18, 19, 20, 21, 22, 28, 29]",0.3174496644295302,-0.01792072411174231,0.005688927855606787
139,"[5, 6, 7, 8, 9, 10, 11, 12, 13, 14, 15, 16, 17, 18, 19, 20, 21, 22, 28, 29, 31, 35, 36]",0.20469798657718122,0.027711181058103197,0.005672422968269446
404,"[18, 19, 20, 21, 22, 28, 29, 31, 32]",0.1174496644295302,0.048238452038825326,0.0056655900045600215
206,"[8, 9, 10, 11, 12, 13, 14, 15, 16, 17, 18, 19]",0.39228187919463087,-0.014407829515511832,0.005651930437460849
138,"[5, 6, 7, 8, 9, 10, 11, 12, 13, 14, 15, 16, 17, 18, 19, 20, 21, 22, 28, 29, 31, 35]",0.20469798657718122,0.027338963478007048,0.005596230779055134
334,"[14, 15, 16, 17, 18, 19, 20, 21, 22, 28]",0.33355704697986577,0.016683557972660218,0.005564918330477939
275,"[11, 12, 13, 14, 15, 16, 17, 18, 19, 20, 21, 22]",0.3788590604026846,-0.014672839397493271,0.005558938147573793
202,"[8, 9, 10, 11, 12, 13, 14, 15]",0.49899328859060404,-0.010969279043182519,0.005473596623225639
588,"[77, 78, 79]",0.2453020134228188,0.02228944942241453,0.0054676468214043695
208,"[8, 9, 10, 11, 12, 13, 14, 15, 16, 17, 18, 19, 20, 21]",0.3912751677852349,-0.013872288118448373,0.005427881861111008
149,"[6, 7, 8, 9, 10, 11]",0.552013422818792,-0.009787109963573048,0.005402616070495861
269,"[11, 12, 13, 14, 15, 16]",0.49899328859060404,-0.010823597828259292,0.005400902674705224
136,"[5, 6, 7, 8, 9, 10, 11, 12, 13, 14, 15, 16, 17, 18, 19, 20, 21, 22, 28, 29]",0.31409395973154364,0.017158263834139455,0.0053893070297834
607,"[79, 80, 81]",0.23087248322147652,0.0233345320655646,0.005387301362788069
24,"[1, 2, 3, 4, 5, 6, 7, 8, 9, 10, 11, 12, 13, 14, 15, 16, 17, 18, 19, 20, 21, 22, 28, 29, 31, 35]",0.19966442953020133,-0.026948394253714383,0.005380635765422838
388,"[17, 18, 19, 20, 21, 22, 28, 29, 31, 32]",0.1174496644295302,0.04525391943019492,0.005315057651197389
333,"[14, 15, 16, 17, 18, 19, 20, 21, 22]",0.3818791946308725,0.01389104552897387,0.0053047012791853235
485,"[29, 31, 35, 36, 37, 38, 39, 40]",0.19798657718120805,0.026645701775397216,0.005275491291102133
585,"[74, 77, 78, 79, 80, 81, 82, 83, 84, 85, 86]",0.16946308724832215,0.031130447400999836,0.005275461723994939
586,"[74, 77, 78, 79, 80, 81, 82, 83, 84, 85, 86, 87]",0.16812080536912752,0.031130447400999836,0.005233675888557355
584,"[74, 77, 78, 79, 80, 81, 82, 83, 84, 85]",0.17214765100671142,0.03027522957806354,0.005211809655552549
25,"[1, 2, 3, 4, 5, 6, 7, 8, 9, 10, 11, 12, 13, 14, 15, 16, 17, 18, 19, 20, 21, 22, 28, 29, 31, 35, 36]",0.19966442953020133,-0.026064735146251412,0.005204200473832077
270,"[11, 12, 13, 14, 15, 16, 17]",0.4610738255033557,-0.011274160356606666,0.0051982202449589125
583,"[74, 77, 78, 79, 80, 81, 82, 83, 84]",0.1738255033557047,0.029549559363680537,0.005136467030331046
140,"[5, 6, 7, 8, 9, 10, 11, 12, 13, 14, 15, 16, 17, 18, 19, 20, 21, 22, 28, 29, 31, 35, 36, 37]",0.1825503355704698,0.028133110699003643,0.005135708798744289
289,"[12, 13, 14, 15, 16]",0.501006711409396,-0.010227404586754921,0.005123998338263456
211,"[8, 9, 10, 11, 12, 13, 14, 15, 16, 17, 18, 19, 20, 21, 22, 28, 29]",0.3174496644295302,-0.016081857754514938,0.0051051803475742055
569,"[73, 74, 77, 78, 79, 80, 81]",0.1912751677852349,-0.026538098992812724,0.005076079337551427
176,"[7, 8, 9, 10, 11, 12, 13]",0.5281879194630873,-0.009598050285921315,0.005069574211422869
148,"[6, 7, 8, 9, 10]",0.5667785234899329,-0.008919962953428782,0.0050556434323292656
295,"[12, 13, 14, 15, 16, 17, 18, 19, 20, 21, 22]",0.3802013422818792,-0.013245821081018249,0.0050360789546287504
207,"[8, 9, 10, 11, 12, 13, 14, 15, 16, 17, 18, 19, 20]",0.3912751677852349,-0.012768420482230449,0.004995965866537149
151,"[6, 7, 8, 9, 10, 11, 12, 13]",0.5281879194630873,-0.009408322653476279,0.004969362367977069
245,"[10, 11, 12, 13]",0.5295302013422819,0.00925073492991954,0.004898543530004375
141,"[5, 6, 7, 8, 9, 10, 11, 12, 13, 14, 15, 16, 17, 18, 19, 20, 21, 22, 28, 29, 31, 35, 36, 37, 38]",0.17214765100671142,0.0281790194033777,0.0048509519979640136
582,"[74, 77, 78, 79, 80, 81, 82, 83]",0.1738255033557047,0.02786511131077069,0.004843666999657456
615,"[80, 81, 82]",0.20771812080536914,0.02328408857747341,0.004836527123978538
568,"[73, 74, 77, 78, 79, 80]",0.2023489932885906,-0.023897122676835865,0.004835558716151687
290,"[12, 13, 14, 15, 16, 17]",0.46308724832214765,-0.01039227427555155,0.004812529698074208
621,"[81, 82]",0.22114093959731543,0.021011956806614236,0.004646603870992879
134,"[5, 6, 7, 8, 9, 10, 11, 12, 13, 14, 15, 16, 17, 18, 19, 20, 21, 22]",0.3731543624161074,0.012450176036185125,0.00464583750075096
286,"[12, 13]",0.5332214765100671,0.008611797098264635,0.004591995164141781
414,"[19, 20, 21]",0.448993288590604,-0.010217594125259577,0.004587631187784333
496,"[31, 35, 36, 37, 38, 39, 40]",0.19798657718120805,0.023166256101364708,0.004586607751612476
474,"[28, 29, 31, 35, 36, 37, 38, 39]",0.17718120805369128,0.02560085384983006,0.004535990212318883
579,"[74, 77, 78, 79, 80]",0.20268456375838925,0.02230973020078353,0.0045218379333131714
26,"[1, 2, 3, 4, 5, 6, 7, 8, 9, 10, 11, 12, 13, 14, 15, 16, 17, 18, 19, 20, 21, 22, 28, 29, 31, 35, 36, 37]",0.17818791946308724,-0.025174997238625253,0.0044858803804396
577,"[74, 77, 78]",0.20335570469798658,0.022027647312462022,0.004479447742064425
142,"[5, 6, 7, 8, 9, 10, 11, 12, 13, 14, 15, 16, 17, 18, 19, 20, 21, 22, 28, 29, 31, 35, 36, 37, 38, 39]",0.15604026845637584,0.028493328031901327,0.004446106555313462
566,"[73, 74, 77, 78]",0.20302013422818793,-0.02171897257539341,0.0044093887275547024
200,"[8, 9, 10, 11, 12, 13]",0.5285234899328859,-0.008304698734480297,0.004389228357988747
135,"[5, 6, 7, 8, 9, 10, 11, 12, 13, 14, 15, 16, 17, 18, 19, 20, 21, 22, 28]",0.3261744966442953,0.013324941527196401,0.004346256095447954
276,"[11, 12, 13, 14, 15, 16, 17, 18, 19, 20, 21, 22, 28]",0.33120805369127515,-0.013000994669655031,0.004306034140587086
257,"[10, 11, 12, 13, 14, 15, 16, 17, 18, 19, 20, 21, 22, 28, 29, 31]",0.3063758389261745,0.013922969356674442,0.004265661416994552
581,"[74, 77, 78, 79, 80, 81, 82]",0.1738255033557047,0.02439674366653879,0.004240776248076206
27,"[1, 2, 3, 4, 5, 6, 7, 8, 9, 10, 11, 12, 13, 14, 15, 16, 17, 18, 19, 20, 21, 22, 28, 29, 31, 35, 36, 37, 38]",0.16778523489932887,-0.02464167794984775,0.004134509723128817
486,"[29, 31, 35, 36, 37, 38, 39, 40, 41]",0.18154362416107384,0.02255320633195089,0.004094390813954843
570,"[73, 74, 77, 78, 79, 80, 81, 82]",0.17348993288590603,-0.02326584202814181,0.004036389371996414
587,"[77, 78]",0.24630872483221478,0.016377418211373965,0.004033900995687413
232,"[9, 10, 11, 12, 13, 14, 15, 16, 17, 18, 19, 20, 21, 22]",0.37785234899328857,-0.010654586351098411,0.004025860480314366
173,"[7, 8, 9, 10]",0.5667785234899329,-0.007102608631782692,0.004025606033248646
609,"[79, 80, 81, 82, 83]",0.2070469798657718,-0.019409974892058857,0.004018776680671247
355,"[15, 16, 17, 18, 19, 20, 21, 22, 28, 29, 31, 32]",0.10100671140939597,0.039616015800836187,0.004001483475185132
372,"[16, 17, 18, 19, 20, 21, 22, 28, 29, 31, 32]",0.10100671140939597,0.03873104911448953,0.003912095900490385
600,"[78, 79, 80, 81, 82]",0.20738255033557046,-0.018596258598376516,0.0038565395348311026
580,"[74, 77, 78, 79, 80, 81]",0.19161073825503355,0.02002516192137173,0.003837036059430623
143,"[5, 6, 7, 8, 9, 10, 11, 12, 13, 14, 15, 16, 17, 18, 19, 20, 21, 22, 28, 29, 31, 35, 36, 37, 38, 39, 40]",0.1325503355704698,0.028824297503680416,0.003820670306695894
296,"[12, 13, 14, 15, 16, 17, 18, 19, 20, 21, 22, 28]",0.3325503355704698,-0.011323498084970053,0.0037656330879883636
318,"[13, 14, 15, 16, 17, 18, 19, 20, 21, 22, 28, 29, 31, 32]",0.10067114093959731,0.03713151186117129,0.0037380716638763046
196,"[8, 9]",0.5791946308724832,-0.0063971187297235665,0.00370517682130969
337,"[14, 15, 16, 17, 18, 19, 20, 21, 22, 28, 29, 31, 32]",0.10067114093959731,0.03638521716829331,0.003662941325667111
459,"[22, 28, 29, 31, 35]",0.22684563758389262,0.016083955113717057,0.003648575052641856
28,"[1, 2, 3, 4, 5, 6, 7, 8, 9, 10, 11, 12, 13, 14, 15, 16, 17, 18, 19, 20, 21, 22, 28, 29, 31, 35, 36, 37, 38, 39]",0.15201342281879196,-0.02390823943243418,0.0036343733096955316
610,"[79, 80, 81, 82, 83, 84]",0.2070469798657718,-0.01746704921252495,0.003616499786620099
120,"[5, 6, 7, 8]",0.5738255033557047,-0.0062861766490471815,0.003607168479822376
571,"[73, 74, 77, 78, 79, 80, 81, 82, 83]",0.17348993288590603,-0.020552147646414116,0.0035655907158376166
595,"[77, 78, 79, 80, 81, 82, 83, 84, 85, 86]",0.20201342281879195,0.017579439383780746,0.003551282721153023
567,"[73, 74, 77, 78, 79]",0.20268456375838925,-0.01741692062254909,0.003530140958395856
596,"[77, 78, 79, 80, 81, 82, 83, 84, 85, 86, 87]",0.19932885906040268,0.017579439383780746,0.0035040895952905245
144,"[5, 6, 7, 8, 9, 10, 11, 12, 13, 14, 15, 16, 17, 18, 19, 20, 21, 22, 28, 29, 31, 35, 36, 37, 38, 39, 40, 41]",0.12114093959731544,0.028823530055578007,0.0034917095134441812
594,"[77, 78, 79, 80, 81, 82, 83, 84, 85]",0.20536912751677852,0.01697509121830708,0.0034861596730214536
611,"[79, 80, 81, 82, 83, 84, 85]",0.20536912751677852,-0.016967656909921986,0.0034846328955947165
497,"[31, 35, 36, 37, 38, 39, 40, 41]",0.18154362416107384,0.018997129436741658,0.0034488077266031
593,"[77, 78, 79, 80, 81, 82, 83, 84]",0.2070469798657718,0.01657920152682153,0.0034326736047143903
475,"[28, 29, 31, 35, 36, 37, 38, 39, 40]",0.15100671140939598,0.022582974266238263,0.0034101806777876572
386,"[17, 18, 19, 20, 21, 22, 28, 29]",0.35906040268456374,0.00946634373032871,0.0033989891917623216
226,"[9, 10, 11, 12, 13, 14, 15, 16]",0.49731543624161073,-0.006793018518243817,0.003378272967797764
227,"[9, 10, 11, 12, 13, 14, 15, 16, 17]",0.4593959731543624,-0.007289216240831713,0.0033486365884894684
572,"[73, 74, 77, 78, 79, 80, 81, 82, 83, 84]",0.17348993288590603,-0.01929304624437543,0.003347149298101375
612,"[79, 80, 81, 82, 83, 84, 85, 86]",0.20201342281879195,-0.016233567167613226,0.0032793984680883096
271,"[11, 12, 13, 14, 15, 16, 17, 18]",0.3953020134228188,-0.008206730609676215,0.003244137133623685
613,"[79, 80, 81, 82, 83, 84, 85, 86, 87]",0.19932885906040268,-0.016233567167613226,0.003235818422000757
573,"[73, 74, 77, 78, 79, 80, 81, 82, 83, 84, 85]",0.17181208053691274,-0.018828225304475484,0.00323491656237968
592,"[77, 78, 79, 80, 81, 82, 83]",0.2070469798657718,0.015181788740704569,0.00314334350772306
601,"[78, 79, 80, 81, 82, 83]",0.2070469798657718,-0.015042749558592599,0.0031145558649837697
574,"[73, 74, 77, 78, 79, 80, 81, 82, 83, 84, 85, 86]",0.1691275167785235,-0.01820117751098784,0.003078319954878481
233,"[9, 10, 11, 12, 13, 14, 15, 16, 17, 18, 19, 20, 21, 22, 28]",0.3302013422818792,-0.009292288623054524,0.0030683261762032388
575,"[73, 74, 77, 78, 79, 80, 81, 82, 83, 84, 85, 86, 87]",0.16778523489932887,-0.01820117751098784,0.003053888844125477
267,"[11, 12, 13, 14]",0.5291946308724832,-0.0057633148298041545,0.003049915263960118
247,"[10, 11, 12, 13, 14, 15]",0.5,0.006015891185776032,0.003007945592888016
29,"[1, 2, 3, 4, 5, 6, 7, 8, 9, 10, 11, 12, 13, 14, 15, 16, 17, 18, 19, 20, 21, 22, 28, 29, 31, 35, 36, 37, 38, 39, 40]",0.1285234899328859,-0.02318733049598456,0.00298011663757117
298,"[12, 13, 14, 15, 16, 17, 18, 19, 20, 21, 22, 28, 29, 31]",0.30838926174496645,0.009636745237119392,0.002971868749299571
403,"[18, 19, 20, 21, 22, 28, 29, 31]",0.3422818791946309,0.008632319445629436,0.0029546865216583972
399,"[18, 19, 20, 21]",0.448993288590604,-0.00655501525348775,0.0029431578554250364
460,"[22, 28, 29, 31, 35, 36]",0.22684563758389262,0.012888362869395181,0.0029236688925205175
418,"[19, 20, 21, 22, 28, 29, 31]",0.3422818791946309,0.0083879341505863,0.0028710378636234986
602,"[78, 79, 80, 81, 82, 83, 84]",0.2070469798657718,-0.013807177534951897,0.002858734409082322
603,"[78, 79, 80, 81, 82, 83, 84, 85]",0.20536912751677852,-0.013657858802152466,0.002804902545945406
504,"[34, 29]",0.10704697986577182,0.025500910746812388,0.00272979547927287
30,"[1, 2, 3, 4, 5, 6, 7, 8, 9, 10, 11, 12, 13, 14, 15, 16, 17, 18, 19, 20, 21, 22, 28, 29, 31, 35, 36, 37, 38, 39, 40, 41]",0.11778523489932886,-0.02278106258097316,0.002683272807356235
476,"[28, 29, 31, 35, 36, 37, 38, 39, 40, 41]",0.1389261744966443,0.019306001118052467,0.002682108880158967
487,"[29, 31, 35, 36, 37, 38, 39, 40, 41, 42]",0.14093959731543623,0.018984975414291907,0.0026757347899337585
604,"[78, 79, 80, 81, 82, 83, 84, 85, 86]",0.20201342281879195,-0.01322212599632488,0.0026710469294589185
605,"[78, 79, 80, 81, 82, 83, 84, 85, 86, 87]",0.19932885906040268,-0.01322212599632488,0.0026355512892003285
551,"[72, 73]",0.28993288590604027,0.009069423424559634,0.0026295241069864174
291,"[12, 13, 14, 15, 16, 17, 18]",0.39664429530201345,-0.00661820788961659,0.002625074404539198
287,"[12, 13, 14]",0.5312080536912752,-0.00492350696591598,0.0026154065526996636
432,"[20, 21, 22, 28, 29, 31]",0.3422818791946309,0.00754878671035963,0.00258381290086135
244,"[10, 11, 12]",0.5422818791946309,0.004702178205939336,0.002549906033824821
262,"[10, 11, 12, 13, 14, 15, 16, 17, 18, 19, 20, 21, 22, 28, 29, 31, 35, 36, 37, 38, 39]",0.15805369127516777,0.015868911202379113,0.0025081399920538795
163,"[6, 7, 8, 9, 10, 11, 12, 13, 14, 15, 16, 17, 18, 19, 20, 21, 22, 28, 29, 31]",0.3057046979865772,-0.008009041798103762,0.0024484017040511835
591,"[77, 78, 79, 80, 81, 82]",0.20738255033557046,0.011798814853642845,0.002446868315285664
235,"[9, 10, 11, 12, 13, 14, 15, 16, 17, 18, 19, 20, 21, 22, 28, 29, 31]",0.3063758389261745,0.007725160611146703,0.00236680256307951
236,"[9, 10, 11, 12, 13, 14, 15, 16, 17, 18, 19, 20, 21, 22, 28, 29, 31, 35]",0.2070469798657718,-0.011308366722921766,0.002341363177195547
243,"[10, 11]",0.5533557046979866,0.0042168618562435575,0.0023334245640757134
277,"[11, 12, 13, 14, 15, 16, 17, 18, 19, 20, 21, 22, 28, 29]",0.31912751677852347,-0.007216508667175242,0.0023029864907663272
213,"[8, 9, 10, 11, 12, 13, 14, 15, 16, 17, 18, 19, 20, 21, 22, 28, 29, 31, 35]",0.20671140939597316,-0.011076583627880944,0.0022896562130116315
502,"[33, 34, 29]",0.10704697986577182,0.021154293561218642,0.0022645032369223985
237,"[9, 10, 11, 12, 13, 14, 15, 16, 17, 18, 19, 20, 21, 22, 28, 29, 31, 35, 36]",0.2070469798657718,-0.010875799966568738,0.002251801536702319
258,"[10, 11, 12, 13, 14, 15, 16, 17, 18, 19, 20, 21, 22, 28, 29, 31, 35]",0.2070469798657718,-0.010814816213882264,0.0022391750348877038
272,"[11, 12, 13, 14, 15, 16, 17, 18, 19]",0.3939597315436242,-0.005656777052366318,0.0022285423689523682
188,"[7, 8, 9, 10, 11, 12, 13, 14, 15, 16, 17, 18, 19, 20, 21, 22, 28, 29, 31]",0.3057046979865772,-0.007276251852884712,0.0022243843751603935
461,"[22, 28, 29, 31, 35, 36, 37]",0.2040268456375839,0.01088258621195031,0.0022203397372032845
189,"[7, 8, 9, 10, 11, 12, 13, 14, 15, 16, 17, 18, 19, 20, 21, 22, 28, 29, 31, 35]",0.20671140939597316,-0.010723327512389472,0.0022166341435006427
214,"[8, 9, 10, 11, 12, 13, 14, 15, 16, 17, 18, 19, 20, 21, 22, 28, 29, 31, 35, 36]",0.20671140939597316,-0.010677234364097605,0.002207106163853733
263,"[10, 11, 12, 13, 14, 15, 16, 17, 18, 19, 20, 21, 22, 28, 29, 31, 35, 36, 37, 38, 39, 40]",0.13456375838926174,0.01623185383779044,0.0021842192580382434
254,"[10, 11, 12, 13, 14, 15, 16, 17, 18, 19, 20, 21, 22]",0.37785234899328857,-0.005759183709236452,0.002176121092818874
498,"[31, 35, 36, 37, 38, 39, 40, 41, 42]",0.14093959731543623,0.015427548072143811,0.002174352412852483
259,"[10, 11, 12, 13, 14, 15, 16, 17, 18, 19, 20, 21, 22, 28, 29, 31, 35, 36]",0.2070469798657718,-0.010385637443789597,0.0021503148667175102
317,"[13, 14, 15, 16, 17, 18, 19, 20, 21, 22, 28, 29, 31]",0.3093959731543624,-0.006845560864246848,0.002117988965381072
266,"[11, 12, 13]",0.5312080536912752,0.0039005895274056047,0.0020720245711017024
279,"[11, 12, 13, 14, 15, 16, 17, 18, 19, 20, 21, 22, 28, 29, 31, 35]",0.20738255033557046,-0.009902385253254637,0.0020535819082252906
264,"[10, 11, 12, 13, 14, 15, 16, 17, 18, 19, 20, 21, 22, 28, 29, 31, 35, 36, 37, 38, 39, 40, 41]",0.12315436241610739,0.01618816255650845,0.001993642838335101
634,"[83, 84, 85, 86]",0.2151006711409396,-0.009229255884087309,0.001985219134798646
280,"[11, 12, 13, 14, 15, 16, 17, 18, 19, 20, 21, 22, 28, 29, 31, 35, 36]",0.20738255033557046,-0.009501633082605198,0.001970472901023494
278,"[11, 12, 13, 14, 15, 16, 17, 18, 19, 20, 21, 22, 28, 29, 31]",0.3070469798657718,0.0064174436012989534,0.0019704566762377656
384,"[17, 18, 19, 20, 21, 22]",0.4332214765100671,-0.004544545440036338,0.0019687946855996346
299,"[12, 13, 14, 15, 16, 17, 18, 19, 20, 21, 22, 28, 29, 31, 35]",0.2087248322147651,-0.009430545078709131,0.001968388939247342
635,"[83, 84, 85, 86, 87]",0.21241610738255035,-0.009229255884087309,0.0019604426089353246
228,"[9, 10, 11, 12, 13, 14, 15, 16, 17, 18]",0.39429530201342283,-0.004961893104349243,0.001956451140137705
338,"[14, 15, 16, 17, 18, 19, 20, 21, 22, 28, 29, 31, 35]",0.21073825503355706,-0.009169228386152252,0.0019323071901018842
238,"[9, 10, 11, 12, 13, 14, 15, 16, 17, 18, 19, 20, 21, 22, 28, 29, 31, 35, 36, 37]",0.1848993288590604,-0.010389613654876246,0.0019210325918915475
172,"[7, 8, 9]",0.5788590604026845,-0.003300403620117522,0.0019104685384908474
354,"[15, 16, 17, 18, 19, 20, 21, 22, 28, 29, 31]",0.3104026845637584,-0.0061331775679189645,0.0019037547819882694
300,"[12, 13, 14, 15, 16, 17, 18, 19, 20, 21, 22, 28, 29, 31, 35, 36]",0.2087248322147651,-0.0090342359083032,0.0018856693741491914
576,"[74, 77]",0.2238255033557047,0.008332026378659534,0.0018649199981764794
274,"[11, 12, 13, 14, 15, 16, 17, 18, 19, 20, 21]",0.39295302013422817,-0.004734370275895447,0.001860385098346835
488,"[29, 31, 35, 36, 37, 38, 39, 40, 41, 42, 43]",0.11342281879194631,0.01625731549057842,0.0018439505489313778
339,"[14, 15, 16, 17, 18, 19, 20, 21, 22, 28, 29, 31, 35, 36]",0.21073825503355706,-0.008734969098013823,0.0018407921454874768
319,"[13, 14, 15, 16, 17, 18, 19, 20, 21, 22, 28, 29, 31, 35]",0.21073825503355706,-0.008694091107288821,0.001832177589052812
260,"[10, 11, 12, 13, 14, 15, 16, 17, 18, 19, 20, 21, 22, 28, 29, 31, 35, 36, 37]",0.1848993288590604,-0.009899660406364823,0.001830440565069469
252,"[10, 11, 12, 13, 14, 15, 16, 17, 18, 19, 20]",0.3919463087248322,0.0045823846840919585,0.0017960487620870495
633,"[83, 84, 85]",0.21879194630872484,-0.008151988115439362,0.0017835893460625717
477,"[28, 29, 31, 35, 36, 37, 38, 39, 40, 41, 42]",0.10738255033557047,0.016357355303262336,0.0017564945292093783
320,"[13, 14, 15, 16, 17, 18, 19, 20, 21, 22, 28, 29, 31, 35, 36]",0.21073825503355706,-0.008320458256950516,0.0017534388541493033
553,"[72, 73, 74, 77]",0.2231543624161074,-0.007722990380324066,0.0017234189942669479
261,"[10, 11, 12, 13, 14, 15, 16, 17, 18, 19, 20, 21, 22, 28, 29, 31, 35, 36, 37, 38]",0.17416107382550336,-0.009890114279250465,0.0017224729231312052
447,"[21, 22, 28, 29, 31, 35]",0.22684563758389262,0.00754878671035963,0.0017124093342963456
590,"[77, 78, 79, 80, 81]",0.23087248322147652,0.007366141548326995,0.0017006393910231452
281,"[11, 12, 13, 14, 15, 16, 17, 18, 19, 20, 21, 22, 28, 29, 31, 35, 36, 37]",0.18523489932885906,-0.009037768674278183,0.0016741101705374352
239,"[9, 10, 11, 12, 13, 14, 15, 16, 17, 18, 19, 20, 21, 22, 28, 29, 31, 35, 36, 37, 38]",0.17416107382550336,0.009341534378421728,0.0016269316585237842
220,"[9, 10]",0.5677852348993289,-0.002857493103665537,0.0016224423930879493
614,"[80, 81]",0.23120805369127517,0.006957088029797942,0.0016085347827284504
297,"[12, 13, 14, 15, 16, 17, 18, 19, 20, 21, 22, 28, 29]",0.32046979865771813,-0.005010711911340188,0.0016057818373590201
462,"[22, 28, 29, 31, 35, 36, 37, 38]",0.19261744966442954,0.008308670702446813,0.0016003949608068694
301,"[12, 13, 14, 15, 16, 17, 18, 19, 20, 21, 22, 28, 29, 31, 35, 36, 37]",0.1865771812080537,-0.008570579309739415,0.0015990745289312465
282,"[11, 12, 13, 14, 15, 16, 17, 18, 19, 20, 21, 22, 28, 29, 31, 35, 36, 37, 38]",0.174496644295302,-0.009073082842162366,0.001583222509370614
224,"[9, 10, 11, 12, 13, 14]",0.5271812080536913,-0.002982215917653918,0.00157216819014574
340,"[14, 15, 16, 17, 18, 19, 20, 21, 22, 28, 29, 31, 35, 36, 37]",0.18859060402684563,-0.008229442740327495,0.001551995577202702
164,"[6, 7, 8, 9, 10, 11, 12, 13, 14, 15, 16, 17, 18, 19, 20, 21, 22, 28, 29, 31, 35]",0.20671140939597316,-0.007491604433568208,0.0015486001111000055
489,"[29, 31, 35, 36, 37, 38, 39, 40, 41, 42, 43, 44]",0.10536912751677853,0.014654523326681011,0.001544134337106657
240,"[9, 10, 11, 12, 13, 14, 15, 16, 17, 18, 19, 20, 21, 22, 28, 29, 31, 35, 36, 37, 38, 39]",0.15805369127516777,0.009692382949818588,0.001531916902471327
302,"[12, 13, 14, 15, 16, 17, 18, 19, 20, 21, 22, 28, 29, 31, 35, 36, 37, 38]",0.17583892617449665,-0.008633810340535985,0.0015181599390741128
223,"[9, 10, 11, 12, 13]",0.5291946308724832,0.0028285989780707753,0.001496879392086447
321,"[13, 14, 15, 16, 17, 18, 19, 20, 21, 22, 28, 29, 31, 35, 36, 37]",0.18859060402684563,-0.007872434224186037,0.0014846671255008565
165,"[6, 7, 8, 9, 10, 11, 12, 13, 14, 15, 16, 17, 18, 19, 20, 21, 22, 28, 29, 31, 35, 36]",0.20671140939597316,-0.007161643118181987,0.0014803933425503704
341,"[14, 15, 16, 17, 18, 19, 20, 21, 22, 28, 29, 31, 35, 36, 37, 38]",0.17785234899328858,-0.008321898685561881,0.0014800692293113413
434,"[20, 21, 22, 28, 29, 31, 35]",0.22684563758389262,0.0064703886088796824,0.0014677794293968675
212,"[8, 9, 10, 11, 12, 13, 14, 15, 16, 17, 18, 19, 20, 21, 22, 28, 29, 31]",0.3057046979865772,-0.004787461467839297,0.0014635494621481877
305,"[12, 13, 14, 15, 16, 17, 18, 19, 20, 21, 22, 28, 29, 31, 35, 36, 37, 38, 39, 40, 41]",0.12449664429530201,0.011655475527393263,0.0014510675908264766
499,"[31, 35, 36, 37, 38, 39, 40, 41, 42, 43]",0.11342281879194631,0.012782864890273781,0.0014498685680914558
292,"[12, 13, 14, 15, 16, 17, 18, 19]",0.3953020134228188,-0.0036029613767558817,0.0014242578865162512
322,"[13, 14, 15, 16, 17, 18, 19, 20, 21, 22, 28, 29, 31, 35, 36, 37, 38]",0.17785234899328858,-0.007980452085356133,0.0014193421494089766
552,"[72, 73, 74]",0.2889261744966443,-0.004902861238249345,0.001416564941655264
557,"[72, 73, 74, 77, 78, 79, 80, 81]",0.19093959731543625,-0.007349345625731776,0.001403281094309188
255,"[10, 11, 12, 13, 14, 15, 16, 17, 18, 19, 20, 21, 22, 28]",0.3302013422818792,-0.004241037317370203,0.001400396214863181
283,"[11, 12, 13, 14, 15, 16, 17, 18, 19, 20, 21, 22, 28, 29, 31, 35, 36, 37, 38, 39]",0.15838926174496645,-0.008751354821426279,0.0013861206294339611
448,"[21, 22, 28, 29, 31, 35, 36]",0.22684563758389262,0.006029017415706225,0.001367656299670271
234,"[9, 10, 11, 12, 13, 14, 15, 16, 17, 18, 19, 20, 21, 22, 28, 29]",0.3181208053691275,-0.004292736404724988,0.001365608762308486
241,"[9, 10, 11, 12, 13, 14, 15, 16, 17, 18, 19, 20, 21, 22, 28, 29, 31, 35, 36, 37, 38, 39, 40]",0.13456375838926174,0.01005961251609157,0.0013536592681049394
146,"[6, 7, 8]",0.5832214765100671,0.0023134572196992853,0.0013492579355158917
273,"[11, 12, 13, 14, 15, 16, 17, 18, 19, 20]",0.39295302013422817,-0.0033931005599859634,0.0013333291126656252
253,"[10, 11, 12, 13, 14, 15, 16, 17, 18, 19, 20, 21]",0.3919463087248322,0.003391073983542367,0.001329118930462243
303,"[12, 13, 14, 15, 16, 17, 18, 19, 20, 21, 22, 28, 29, 31, 35, 36, 37, 38, 39]",0.1597315436241611,-0.008318268871425704,0.0013286899271136362
630,"[82, 83, 84, 85, 86]",0.2151006711409396,-0.006169444160987602,0.001327051579594984
190,"[7, 8, 9, 10, 11, 12, 13, 14, 15, 16, 17, 18, 19, 20, 21, 22, 28, 29, 31, 35, 36]",0.20671140939597316,-0.006348355281948598,0.0013122774676779653
631,"[82, 83, 84, 85, 86, 87]",0.21241610738255035,-0.006169444160987602,0.0013104893133909906
373,"[16, 17, 18, 19, 20, 21, 22, 28, 29, 31, 35]",0.21174496644295301,-0.0061331775679189645,0.0012986694783076733
342,"[14, 15, 16, 17, 18, 19, 20, 21, 22, 28, 29, 31, 35, 36, 37, 38, 39]",0.16174496644295303,-0.00798758243508416,0.0012919512529230084
166,"[6, 7, 8, 9, 10, 11, 12, 13, 14, 15, 16, 17, 18, 19, 20, 21, 22, 28, 29, 31, 35, 36, 37]",0.18456375838926176,-0.006776133890242597,0.0012506287381320229
374,"[16, 17, 18, 19, 20, 21, 22, 28, 29, 31, 35, 36]",0.21174496644295301,-0.005879545966610234,0.0012449642633996837
323,"[13, 14, 15, 16, 17, 18, 19, 20, 21, 22, 28, 29, 31, 35, 36, 37, 38, 39]",0.16174496644295303,-0.007683678215471941,0.0012427962751199583
242,"[9, 10, 11, 12, 13, 14, 15, 16, 17, 18, 19, 20, 21, 22, 28, 29, 31, 35, 36, 37, 38, 39, 40, 41]",0.12315436241610739,0.010036794001294987,0.0012360749659312954
463,"[22, 28, 29, 31, 35, 36, 37, 38, 39]",0.17416107382550336,0.007092315910237099,0.0012352053548365955
420,"[19, 20, 21, 22, 28, 29, 31, 35]",0.22684563758389262,0.005381947974604177,0.0012208714197424239
435,"[20, 21, 22, 28, 29, 31, 35, 36]",0.22684563758389262,0.005275390238742947,0.0011966992622114872
500,"[31, 35, 36, 37, 38, 39, 40, 41, 42, 43, 44]",0.10536912751677853,0.011350223493322487,0.0011959631466118325
356,"[15, 16, 17, 18, 19, 20, 21, 22, 28, 29, 31, 35]",0.21140939597315436,-0.0056220794372590505,0.0011885604179440274
523,"[37, 38]",0.276510067114094,-0.004278332065679387,0.0011830018866173877
167,"[6, 7, 8, 9, 10, 11, 12, 13, 14, 15, 16, 17, 18, 19, 20, 21, 22, 28, 29, 31, 35, 36, 37, 38]",0.1738255033557047,-0.006779278103438107,0.001178411428718436
284,"[11, 12, 13, 14, 15, 16, 17, 18, 19, 20, 21, 22, 28, 29, 31, 35, 36, 37, 38, 39, 40]",0.1348993288590604,0.008571075546150487,0.0011562323387760052
229,"[9, 10, 11, 12, 13, 14, 15, 16, 17, 18, 19]",0.39295302013422817,-0.0029233947392930497,0.0011487567918497185
357,"[15, 16, 17, 18, 19, 20, 21, 22, 28, 29, 31, 35, 36]",0.21140939597315436,-0.005427273199947908,0.0011473765489822757
249,"[10, 11, 12, 13, 14, 15, 16, 17]",0.4597315436241611,-0.0024853820636046055,0.0011426085325967482
246,"[10, 11, 12, 13, 14]",0.5275167785234899,0.00213632710614637,0.0011269483929067427
191,"[7, 8, 9, 10, 11, 12, 13, 14, 15, 16, 17, 18, 19, 20, 21, 22, 28, 29, 31, 35, 36, 37]",0.18456375838926176,-0.005929821515253996,0.0010944301454327845
629,"[82, 83, 84, 85]",0.21879194630872484,-0.004975903074439916,0.0010886875183002771
304,"[12, 13, 14, 15, 16, 17, 18, 19, 20, 21, 22, 28, 29, 31, 35, 36, 37, 38, 39, 40]",0.13624161073825503,-0.007980358547979223,0.0010872569028454913
343,"[14, 15, 16, 17, 18, 19, 20, 21, 22, 28, 29, 31, 35, 36, 37, 38, 39, 40]",0.138255033557047,-0.0076304979888292684,0.00105495475550257
285,"[11, 12, 13, 14, 15, 16, 17, 18, 19, 20, 21, 22, 28, 29, 31, 35, 36, 37, 38, 39, 40, 41]",0.12348993288590604,0.008490264414771716,0.0010484621827637555
449,"[21, 22, 28, 29, 31, 35, 36, 37]",0.2040268456375839,0.005131381022153086,0.001046939483714455
375,"[16, 17, 18, 19, 20, 21, 22, 28, 29, 31, 35, 36, 37]",0.18926174496644296,-0.005515894256310902,0.0010439477719997815
376,"[16, 17, 18, 19, 20, 21, 22, 28, 29, 31, 35, 36, 37, 38]",0.17852348993288591,-0.0058153830854371,0.001038182483708905
542,"[40, 41, 42]",0.15335570469798657,-0.006731911751755483,0.0010323770706551192
192,"[7, 8, 9, 10, 11, 12, 13, 14, 15, 16, 17, 18, 19, 20, 21, 22, 28, 29, 31, 35, 36, 37, 38]",0.1738255033557047,-0.005919710864417999,0.0010289967207276925
168,"[6, 7, 8, 9, 10, 11, 12, 13, 14, 15, 16, 17, 18, 19, 20, 21, 22, 28, 29, 31, 35, 36, 37, 38, 39]",0.15771812080536912,-0.006499362162112493,0.0010250671866419033
248,"[10, 11, 12, 13, 14, 15, 16]",0.4976510067114094,-0.0020484635278047204,0.0010194199368236242
324,"[13, 14, 15, 16, 17, 18, 19, 20, 21, 22, 28, 29, 31, 35, 36, 37, 38, 39, 40]",0.138255033557047,-0.0073613826463679475,0.0010177482047998639
421,"[19, 20, 21, 22, 28, 29, 31, 35, 36]",0.22684563758389262,0.004440665049402132,0.0010073454944281345
632,"[83, 84]",0.22080536912751678,-0.004559270516717325,0.001006711409395973
556,"[72, 73, 74, 77, 78, 79, 80]",0.20201342281879195,-0.004935664995185659,0.0009970705795643512
405,"[18, 19, 20, 21, 22, 28, 29, 31, 35]",0.22684563758389262,0.004371208171581455,0.0009915895046943167
344,"[14, 15, 16, 17, 18, 19, 20, 21, 22, 28, 29, 31, 35, 36, 37, 38, 39, 40, 41]",0.12651006711409396,-0.007765037948134027,0.000982355471961922
251,"[10, 11, 12, 13, 14, 15, 16, 17, 18, 19]",0.39295302013422817,0.0024992519941087164,0.0009820886191615123
358,"[15, 16, 17, 18, 19, 20, 21, 22, 28, 29, 31, 35, 36, 37]",0.18892617449664428,-0.005121901809431552,0.0009676613150033435
359,"[15, 16, 17, 18, 19, 20, 21, 22, 28, 29, 31, 35, 36, 37, 38]",0.17818791946308724,-0.005427690879741293,0.0009671489453498746
294,"[12, 13, 14, 15, 16, 17, 18, 19, 20, 21]",0.39429530201342283,-0.0024468944963287644,0.0009647990044249323
508,"[35, 36, 37, 38]",0.276510067114094,-0.0034876024872526937,0.0009643571978175234
325,"[13, 14, 15, 16, 17, 18, 19, 20, 21, 22, 28, 29, 31, 35, 36, 37, 38, 39, 40, 41]",0.12651006711409396,-0.007502651374830534,0.0009491609289634602
436,"[20, 21, 22, 28, 29, 31, 35, 36, 37]",0.2040268456375839,0.004561227575247188,0.000930612874412849
464,"[22, 28, 29, 31, 35, 36, 37, 38, 39, 40]",0.1483221476510067,0.006227078078963777,0.0009236135942624125
377,"[16, 17, 18, 19, 20, 21, 22, 28, 29, 31, 35, 36, 37, 38, 39]",0.16208053691275168,-0.005603592374904,0.0009082332607646417
543,"[40, 41, 42, 43]",0.12181208053691275,-0.007413739149831705,0.0009030829903989627
530,"[38, 39]",0.2543624161073825,0.0035351077183185184,0.0008991985404313546
193,"[7, 8, 9, 10, 11, 12, 13, 14, 15, 16, 17, 18, 19, 20, 21, 22, 28, 29, 31, 35, 36, 37, 38, 39]",0.15771812080536912,-0.00561585045795846,0.0008857213809531798
532,"[38, 39, 40, 41]",0.1976510067114094,-0.004463457574912425,0.0008822068830951068
541,"[40, 41]",0.1976510067114094,-0.004313347406561798,0.0008525374572029862
524,"[37, 38, 39]",0.2543624161073825,-0.0033477042753601713,0.0008515301478936273
360,"[15, 16, 17, 18, 19, 20, 21, 22, 28, 29, 31, 35, 36, 37, 38, 39]",0.16208053691275168,-0.0052533678514725,0.0008514686819668516
147,"[6, 7, 8, 9]",0.5788590604026845,-0.0014634664500873182,0.0008471408142283972
509,"[35, 36, 37, 38, 39]",0.2543624161073825,-0.0033177864752902816,0.0008439201839832326
171,"[7, 8]",0.5832214765100671,0.0014465132995472845,0.0008436376223534161
231,"[9, 10, 11, 12, 13, 14, 15, 16, 17, 18, 19, 20, 21]",0.3919463087248322,-0.0021451497450357265,0.0008407835242287679
169,"[6, 7, 8, 9, 10, 11, 12, 13, 14, 15, 16, 17, 18, 19, 20, 21, 22, 28, 29, 31, 35, 36, 37, 38, 39, 40]",0.1342281879194631,-0.006199498984544829,0.0008321475147040039
406,"[18, 19, 20, 21, 22, 28, 29, 31, 35, 36]",0.22684563758389262,0.00362512751920189,0.0008223443634162677
538,"[39, 40, 41, 42]",0.15335570469798657,-0.005318548820052745,0.0008156298022698336
527,"[37, 38, 39, 40, 41, 42]",0.15335570469798657,-0.005243802348446429,0.0008041670044429591
511,"[35, 36, 37, 38, 39, 40, 41]",0.1976510067114094,-0.004047964570652458,0.0008000842725215764
512,"[35, 36, 37, 38, 39, 40, 41, 42]",0.15335570469798657,-0.00518310685490077,0.0007948590042582723
422,"[19, 20, 21, 22, 28, 29, 31, 35, 36, 37]",0.2040268456375839,0.0038813911711900297,0.0007919079973434691
558,"[72, 73, 74, 77, 78, 79, 80, 81, 82]",0.17315436241610738,-0.004557329048020038,0.0007891214056303153
398,"[18, 19, 20]",0.448993288590604,0.0017307613466254032,0.0007771002287868421
526,"[37, 38, 39, 40, 41]",0.1976510067114094,-0.003897156995751704,0.0007702770035227361
170,"[6, 7, 8, 9, 10, 11, 12, 13, 14, 15, 16, 17, 18, 19, 20, 21, 22, 28, 29, 31, 35, 36, 37, 38, 39, 40, 41]",0.12281879194630872,-0.006241355109505275,0.0007665556946573592
265,"[11, 12]",0.5439597315436242,-0.001380456403578114,0.0007509126946980279
378,"[16, 17, 18, 19, 20, 21, 22, 28, 29, 31, 35, 36, 37, 38, 39, 40]",0.13859060402684564,-0.005350871751628508,0.0007415805481283805
528,"[37, 38, 39, 40, 41, 42, 43]",0.12181208053691275,-0.005904289157788022,0.0007192137464016953
379,"[16, 17, 18, 19, 20, 21, 22, 28, 29, 31, 35, 36, 37, 38, 39, 40, 41]",0.1268456375838926,-0.005635335602451521,0.0007148177374921728
194,"[7, 8, 9, 10, 11, 12, 13, 14, 15, 16, 17, 18, 19, 20, 21, 22, 28, 29, 31, 35, 36, 37, 38, 39, 40]",0.1342281879194631,-0.005293160483017903,0.0007104913400024031
513,"[35, 36, 37, 38, 39, 40, 41, 42, 43]",0.12181208053691275,-0.005831570953973626,0.0007103557907021565
544,"[40, 41, 42, 43, 44]",0.11275167785234899,-0.00621421693460424,0.0007006633859151089
361,"[15, 16, 17, 18, 19, 20, 21, 22, 28, 29, 31, 35, 36, 37, 38, 39, 40]",0.13859060402684564,-0.005036114589768007,0.0006979581629443581
637,"[84, 85, 86]",0.2151006711409396,-0.0031871334786817626,0.0006855545502802047
636,"[84, 85]",0.21879194630872484,-0.0031094411397243928,0.0006803206788927195
638,"[84, 85, 86, 87]",0.21241610738255035,-0.0031871334786817626,0.0006769984872501865
362,"[15, 16, 17, 18, 19, 20, 21, 22, 28, 29, 31, 35, 36, 37, 38, 39, 40, 41]",0.1268456375838926,-0.005322261402315325,0.0006751056409648298
450,"[21, 22, 28, 29, 31, 35, 36, 37, 38]",0.19261744966442954,0.0034824789236830023,0.0006707862087899474
531,"[38, 39, 40]",0.2151006711409396,-0.003075711828842034,0.0006615876786200482
195,"[7, 8, 9, 10, 11, 12, 13, 14, 15, 16, 17, 18, 19, 20, 21, 22, 28, 29, 31, 35, 36, 37, 38, 39, 40, 41]",0.12281879194630872,-0.005327088768192911,0.0006542666071002031
407,"[18, 19, 20, 21, 22, 28, 29, 31, 35, 36, 37]",0.2040268456375839,0.0031908364962999983,0.0006510163052853687
510,"[35, 36, 37, 38, 39, 40]",0.2151006711409396,-0.003024832463157918,0.0006506434929141696
465,"[22, 28, 29, 31, 35, 36, 37, 38, 39, 40, 41]",0.1365771812080537,0.004734911234001645,0.0006466808296102919
537,"[39, 40, 41]",0.1976510067114094,-0.0032350516126893767,0.0006394112080114238
288,"[12, 13, 14, 15]",0.5036912751677852,0.001242594945211381,0.0006258842324705648
514,"[35, 36, 37, 38, 39, 40, 41, 42, 43, 44]",0.11275167785234899,-0.005546032906195311,0.0006253245155978605
539,"[39, 40, 41, 42, 43]",0.12181208053691275,-0.005068223299909737,0.0006173708247876627
215,"[8, 9, 10, 11, 12, 13, 14, 15, 16, 17, 18, 19, 20, 21, 22, 28, 29, 31, 35, 36, 37]",0.18456375838926176,-0.003319167369266761,0.0006125980043948721
268,"[11, 12, 13, 14, 15]",0.5016778523489933,-0.0012146542895558783,0.0006093651553308853
529,"[37, 38, 39, 40, 41, 42, 43, 44]",0.11275167785234899,-0.005394267605998468,0.000608212723360901
437,"[20, 21, 22, 28, 29, 31, 35, 36, 37, 38]",0.19261744966442954,0.003134231031314702,0.0006037075879109527
554,"[72, 73, 74, 77, 78]",0.20268456375838925,-0.002864100581019314,0.0005805089768240488
216,"[8, 9, 10, 11, 12, 13, 14, 15, 16, 17, 18, 19, 20, 21, 22, 28, 29, 31, 35, 36, 37, 38]",0.1738255033557047,-0.003295762031887887,0.0005728874941335321
221,"[9, 10, 11]",0.553020134228188,-0.0009987495673916755,0.000552328619819289
423,"[19, 20, 21, 22, 28, 29, 31, 35, 36, 37, 38]",0.19261744966442954,0.002645924895256603,0.0005096513053279497
506,"[35, 36]",0.32583892617449667,-0.001544799176107106,0.0005033557046979866
413,"[19, 20]",0.448993288590604,0.0011185682326621924,0.0005022296292959776
451,"[21, 22, 28, 29, 31, 35, 36, 37, 38, 39]",0.17416107382550336,0.002870378788570638,0.0004999082521034097
540,"[39, 40, 41, 42, 43, 44]",0.11275167785234899,-0.004279797424716422,0.0004825543405049388
525,"[37, 38, 39, 40]",0.2151006711409396,-0.0022047867041872244,0.0004742510997932922
217,"[8, 9, 10, 11, 12, 13, 14, 15, 16, 17, 18, 19, 20, 21, 22, 28, 29, 31, 35, 36, 37, 38, 39]",0.15771812080536912,-0.0029669912700794783,0.00046794828756287075
549,"[42, 43, 44]",0.11275167785234899,0.004087577155510317,0.00046088118263472023
438,"[20, 21, 22, 28, 29, 31, 35, 36, 37, 38, 39]",0.17416107382550336,0.0026094352623369436,0.00045446204736673617
550,"[43, 44]",0.11275167785234899,0.004021546635182999,0.0004534361306783516
628,"[82, 83, 84]",0.22080536912751678,-0.002027879889243012,0.0004477667674905711
520,"[36, 37, 38, 39, 40, 41, 42]",0.15335570469798657,-0.0028339523391009533,0.0004346027580433341
516,"[36, 37, 38]",0.276510067114094,-0.0015605382974560465,0.0004315045493636854
521,"[36, 37, 38, 39, 40, 41, 42, 43]",0.12181208053691275,-0.003470918971006117,0.00042279986123329547
507,"[35, 36, 37]",0.2912751677852349,-0.001413890694977702,0.0004118312494096125
222,"[9, 10, 11, 12]",0.5419463087248322,-0.0007596060010438034,0.00041166566835092026
408,"[18, 19, 20, 21, 22, 28, 29, 31, 35, 36, 37, 38]",0.19261744966442954,0.0021158719662685266,0.0004075538619591055
230,"[9, 10, 11, 12, 13, 14, 15, 16, 17, 18, 19, 20]",0.3919463087248322,-0.0010382180629691894,0.00040692573743221917
293,"[12, 13, 14, 15, 16, 17, 18, 19, 20]",0.39429530201342283,-0.0010091989261615114,0.0003979223953824752
424,"[19, 20, 21, 22, 28, 29, 31, 35, 36, 37, 38, 39]",0.17416107382550336,0.002205554285031832,0.0003841217026615842
559,"[72, 73, 74, 77, 78, 79, 80, 81, 82, 83]",0.17315436241610738,-0.002171970717565367,0.00037608620478648636
452,"[21, 22, 28, 29, 31, 35, 36, 37, 38, 39, 40]",0.1483221476510067,0.0024676114075645713,0.0003660014235381008
256,"[10, 11, 12, 13, 14, 15, 16, 17, 18, 19, 20, 21, 22, 28, 29]",0.3181208053691275,0.001136067375624418,0.00036140666848723095
218,"[8, 9, 10, 11, 12, 13, 14, 15, 16, 17, 18, 19, 20, 21, 22, 28, 29, 31, 35, 36, 37, 38, 39, 40]",0.1342281879194631,-0.002620682237382415,0.00035176942783656575
533,"[38, 39, 40, 41, 42]",0.15335570469798657,0.0022641013132230613,0.0003472128523969594
522,"[36, 37, 38, 39, 40, 41, 42, 43, 44]",0.11275167785234899,-0.0030726604324472447,0.0003464476192289511
466,"[22, 28, 29, 31, 35, 36, 37, 38, 39, 40, 41, 42]",0.10570469798657718,0.003246243394114929,0.0003431431775658398
145,"[6, 7]",0.5855704697986577,-0.000577159230454359,0.0003379674017257907
439,"[20, 21, 22, 28, 29, 31, 35, 36, 37, 38, 39, 40]",0.1483221476510067,0.002261977123600857,0.0003355013049099258
501,"[33, 34]",0.10704697986577182,0.003115264797507788,0.0003334796880553639
397,"[18, 19]",0.45,0.0007387868936379561,0.00033245410213708025
385,"[17, 18, 19, 20, 21, 22, 28]",0.37214765100671143,-0.000889799292731891,0.0003311367166576064
219,"[8, 9, 10, 11, 12, 13, 14, 15, 16, 17, 18, 19, 20, 21, 22, 28, 29, 31, 35, 36, 37, 38, 39, 40, 41]",0.12281879194630872,-0.0026471457198260617,0.0003251192394148787
519,"[36, 37, 38, 39, 40, 41]",0.1976510067114094,-0.0016330269802136556,0.00032276942662612184
639,"[85, 86]",0.21543624161073827,0.0014381820614261416,0.0003098365380656319
640,"[85, 86, 87]",0.212751677852349,0.0014381820614261416,0.0003059756466255617
409,"[18, 19, 20, 21, 22, 28, 29, 31, 35, 36, 37, 38, 39]",0.17416107382550336,0.0017501493205985925,0.000304807885030426
425,"[19, 20, 21, 22, 28, 29, 31, 35, 36, 37, 38, 39, 40]",0.1483221476510067,0.0019158914629142996,0.00028416913644567797
515,"[36, 37]",0.2912751677852349,0.0009687623097476591,0.0002821764043157611
535,"[38, 39, 40, 41, 42, 43, 44]",0.11275167785234899,0.002391786867360527,0.00026967798236011314
517,"[36, 37, 38, 39]",0.2543624161073825,-0.0010576347418986402,0.00026902252830844604
545,"[41, 42]",0.15335570469798657,-0.001471172814509628,0.00022561274370164428
410,"[18, 19, 20, 21, 22, 28, 29, 31, 35, 36, 37, 38, 39, 40]",0.1483221476510067,0.0015137056260918272,0.00022451606937335154
396,"[17, 18, 19, 20, 21, 22, 28, 29, 31, 35, 36, 37, 38, 39, 40, 41, 42]",0.10570469798657718,-0.001945970864300069,0.00020569826250151736
534,"[38, 39, 40, 41, 42, 43]",0.12181208053691275,0.0016683267806060827,0.00020322235616107652
453,"[21, 22, 28, 29, 31, 35, 36, 37, 38, 39, 40, 41]",0.1365771812080537,0.0014130806889658815,0.00019299457731849457
389,"[17, 18, 19, 20, 21, 22, 28, 29, 31, 35]",0.22684563758389262,0.0008383350146104945,0.00019017264089821957
560,"[72, 73, 74, 77, 78, 79, 80, 81, 82, 83, 84]",0.17315436241610738,-0.0010492721775056044,0.00018168605489694357
440,"[20, 21, 22, 28, 29, 31, 35, 36, 37, 38, 39, 40, 41]",0.1365771812080537,0.0013043821744300444,0.00017814884060168729
395,"[17, 18, 19, 20, 21, 22, 28, 29, 31, 35, 36, 37, 38, 39, 40, 41]",0.1365771812080537,-0.0012470251155288908,0.00017031517517458343
627,"[82, 83]",0.22080536912751678,0.0007587253414264037,0.00016753062908005824
597,"[78, 79]",0.24563758389261744,0.0006793377108738701,0.00016687087394619897
546,"[41, 42, 43]",0.12181208053691275,-0.0012582907199853444,0.0001532750105217047
426,"[19, 20, 21, 22, 28, 29, 31, 35, 36, 37, 38, 39, 40, 41]",0.1365771812080537,0.0010514165573047277,0.00014359950967215578
225,"[9, 10, 11, 12, 13, 14, 15]",0.49966442953020135,0.00025791855295282176,0.0001288727266264267
548,"[42, 43]",0.12181208053691275,0.0010549095490412375,0.00012850072694696953
555,"[72, 73, 74, 77, 78, 79]",0.2023489932885906,0.0006016051888084774,0.00012173420431258787
35,"[2, 3, 4, 5, 6, 7]",0.5644295302013422,0.0002061531495186203,0.00011635892533232191
518,"[36, 37, 38, 39, 40]",0.2151006711409396,-0.0005402006035752898,0.00011619751237978549
536,"[39, 40]",0.2151006711409396,-0.0005392300124722666,0.00011598873758212178
390,"[17, 18, 19, 20, 21, 22, 28, 29, 31, 35, 36]",0.22684563758389262,0.00048125016308097674,0.00010916950008145647
561,"[72, 73, 74, 77, 78, 79, 80, 81, 82, 83, 84, 85]",0.1714765100671141,-0.0006319302507431998,0.00010836119400328024
393,"[17, 18, 19, 20, 21, 22, 28, 29, 31, 35, 36, 37, 38, 39]",0.17416107382550336,-0.0005861130164533181,0.0001020780723286148
411,"[18, 19, 20, 21, 22, 28, 29, 31, 35, 36, 37, 38, 39, 40, 41]",0.1365771812080537,0.0007336747699777269,0.00010020323200702513
547,"[41, 42, 43, 44]",0.11275167785234899,0.0008589236448682969,9.684508210595563e-05
394,"[17, 18, 19, 20, 21, 22, 28, 29, 31, 35, 36, 37, 38, 39, 40]",0.1483221476510067,-0.0006510429755228365,9.65640923426489e-05
392,"[17, 18, 19, 20, 21, 22, 28, 29, 31, 35, 36, 37, 38]",0.19261744966442954,-0.0004282353694542931,8.248560472039069e-05
250,"[10, 11, 12, 13, 14, 15, 16, 17, 18]",0.39429530201342283,0.00020177164694302335,7.955761246914511e-05
391,"[17, 18, 19, 20, 21, 22, 28, 29, 31, 35, 36, 37]",0.2040268456375839,0.00034513983843098794,7.041779253893982e-05
454,"[21, 22, 28, 29, 31, 35, 36, 37, 38, 39, 40, 41, 42]",0.10570469798657718,0.00029445118638089476,3.112487372818183e-05
441,"[20, 21, 22, 28, 29, 31, 35, 36, 37, 38, 39, 40, 41, 42]",0.10570469798657718,0.0002734189587822594,2.8901668461883126e-05
412,"[18, 19, 20, 21, 22, 28, 29, 31, 35, 36, 37, 38, 39, 40, 41, 42]",0.10570469798657718,-0.00013274883093581692,1.4032175082141722e-05
427,"[19, 20, 21, 22, 28, 29, 31, 35, 36, 37, 38, 39, 40, 41, 42]",0.10570469798657718,0.0001060485971751494,1.120983493629935e-05
562,"[72, 73, 74, 77, 78, 79, 80, 81, 82, 83, 84, 85, 86]",0.16879194630872482,-5.753599557098768e-05,9.711612675237181e-06
563,"[72, 73, 74, 77, 78, 79, 80, 81, 82, 83, 84, 85, 86, 87]",0.16778523489932887,-5.753599557098768e-05,9.653690532044913e-06
641,"[86, 87]",0.212751677852349,0.0,0.0
